product_id,product_name,category,list_price
P001,Wireless Earbuds,Electronics,1450.00
P002,Smart Watch,Electronics,3200.00
P003,Power Bank 20000mAh,Electronics,780.00
P004,Bluetooth Speaker,Electronics,1150.00
P005,USB-C Charger 65W,Electronics,620.00
P006,Laptop Stand,Electronics,540.00
P007,Mechanical Keyboard,Electronics,1890.00
P008,Noise Cancelling Headphones,Electronics,4600.00
P009,Coffee Grinder,Home & Kitchen,950.00
P010,Air Fryer,Home & Kitchen,2750.00
P011,Non-stick Pan Set,Home & Kitchen,1320.00
P012,Water Filter Jug,Home & Kitchen,410.00
P013,Desk Lamp,Home & Kitchen,480.00
P014,Storage Box Set,Home & Kitchen,260.00
P015,Electric Kettle,Home & Kitchen,690.00
P016,Linen Shirt,Fashion,520.00
P017,Running Sneakers,Fashion,1650.00
P018,Leather Wallet,Fashion,390.00
P019,Travel Backpack,Fashion,980.00
P020,Cotton Abaya,Fashion,1150.00
P021,Sunglasses,Fashion,610.00
P022,Wool Scarf,Fashion,340.00
P023,Argan Oil Serum,Beauty,310.00
P024,Oud Perfume 50ml,Beauty,1750.00
P025,Sunscreen SPF50,Beauty,280.00
P026,Hair Dryer,Beauty,870.00
P027,Skincare Gift Set,Beauty,990.00
P028,Beard Trimmer,Beauty,760.00
P029,Python for Data Analysis,Books,640.00
P030,Arabic Calligraphy Workbook,Books,220.00
P031,Statistics Made Simple,Books,450.00
P032,Business Strategy Guide,Books,380.00
P033,Children's Story Set,Books,290.00
P034,Yoga Mat,Sports,360.00
P035,Adjustable Dumbbells,Sports,2400.00
P036,Football,Sports,330.00
P037,Cycling Helmet,Sports,720.00
P038,Resistance Bands,Sports,190.00
P039,Insulated Bottle,Sports,230.00
P040,Padel Racket,Sports,1980.00
